{"layer_1": {"learning_rate": 0.9, "weights": [[-5.531601609825186, 0.1321391823728692, -2.096552014442741, -1.2348682133811006], [3.228068257167933, -0.026608255554426568, -0.11470579149056433, 0.9906608316458427], [-0.9937849033812566, 1.3443001387943376, -0.8057965387268363, -0.20018633736471342]], "bias": [[2.775584935996198], [-0.8622021759605909], [1.1299218584282984]]}, "layer_2": {"learning_rate": 0.9, "weights": [[5.385309975282012, -2.776804964957011, -1.1417538498345872], [4.582180543017973, -3.8762736897346897, 0.9904496228665681]], "bias": [[-0.09352117490242291], [-0.4114873048912693]]}, "layer_3": {"learning_rate": 0.9, "weights": [[-6.087282438425724, -6.4197053994194295]], "bias": [[5.781672413545596]]}}