{"layer_1": {"learning_rate": 0.9, "weights": [[3.1403049824521543, 0.11242536490801668, 2.099586997018053, 2.083502914425548], [-3.0372636330598293, -0.01887406702448545, 1.144822435238487, 0.8360831112564966], [-4.569382736022377, 0.24193078994060507, 1.2839105956006271, 1.3368161873092572]], "bias": [[-2.8380101349332496], [1.6128226153407796], [2.166525591068547]]}, "layer_2": {"learning_rate": 0.9, "weights": [[5.130369510754876, -1.2693340070163361, -4.141533105768206], [-3.6029158543847624, 1.475897942854646, 1.8398741730691888]], "bias": [[1.5119926750612933], [-0.2957208508864715]]}, "layer_3": {"learning_rate": 0.9, "weights": [[7.478191576343787, -6.208835717603003]], "bias": [[-0.9141793817797338]]}}