{
 "layer_1": {
  "learning_rate": 0.9,
  "weights": [
   [
    3.7862794558585873,
    0.47099701381281683,
    1.943390070534575,
    1.9651146711407923
   ],
   [
    -4.7534412745818475,
    0.4861593610514435,
    1.23793651159201,
    1.2229983618002491
   ],
   [
    -2.887362447785727,
    -1.008357779050526,
    -0.5059133338286217,
    2.124780972487037
   ]
  ],
  "bias": [
   [
    -2.7872057951305824
   ],
   [
    1.8992491943475749
   ],
   [
    0.8205678193433098
   ]
  ]
 },
 "layer_2": {
  "learning_rate": 0.9,
  "weights": [
   [
    -6.043532132268366,
    4.609027574498207,
    -0.4301008546308331
   ],
   [
    -3.2991844583263226,
    2.127886984524907,
    0.8863345948795491
   ]
  ],
  "bias": [
   [
    0.05180644077822679
   ],
   [
    -0.22412560687294636
   ]
  ]
 },
 "layer_3": {
  "learning_rate": 0.9,
  "weights": [
   [
    -8.700974273364785,
    -3.579676925929486
   ]
  ],
  "bias": [
   [
    5.565964958436703
   ]
  ]
 }
}