{
    "layer_1": {
        "learning_rate": 0.9,
        "weights": [
            [
                -2.2609274902250958,
                0.3422649441922631,
                -0.360943093108753,
                -0.8201449184597874
            ],
            [
                -5.042208519110522,
                -0.5451673764419158,
                -1.826551560061149,
                -1.9057614749610174
            ],
            [
                2.104294057643954,
                -0.39958662481920115,
                -0.12633644155503784,
                -0.6903601908820113
            ]
        ],
        "bias": [
            [
                0.8430604073307274
            ],
            [
                2.8977729457476036
            ],
            [
                0.284159120271777
            ]
        ]
    },
    "layer_2": {
        "learning_rate": 0.9,
        "weights": [
            [
                2.2057682813889334,
                -0.4763362342236582,
                1.6034283027944016
            ],
            [
                -2.0307532223996754,
                -7.20370639040069,
                2.7968809920302222
            ]
        ],
        "bias": [
            [
                1.5904927636859854
            ],
            [
                1.9563341162120143
            ]
        ]
    },
    "layer_3": {
        "learning_rate": 0.9,
        "weights": [
            [
                -2.760889033209768,
                10.959455621916094
            ]
        ],
        "bias": [
            [
                -2.7596896718632338
            ]
        ]
    }
}