{"layer_1": {"learning_rate": 0.9, "weights": [[1.6966867913679027, -1.2260099259064299, -1.6757671154684872, 1.705591934515642], [-5.165285978359462, -0.7585909817908157, -1.743769468408876, -1.5069223280555337], [1.5300327830371776, -0.24488846501934772, 1.5480885326286955, -1.390878481185701]], "bias": [[1.0044128648453845], [2.9905608886816815], [0.8286407534622571]]}, "layer_2": {"learning_rate": 0.9, "weights": [[-0.3748970840735719, 1.6597691683414466, -0.1814206401071415], [2.334103723512685, -7.316173210542537, 1.856486568263607]], "bias": [[0.7432940748841824], [0.1072134804100914]]}, "layer_3": {"learning_rate": 0.9, "weights": [[-3.253781703527581, 10.487030888143318]], "bias": [[-2.818887641756858]]}}